Location,Year,Age,Sex,Cause of death or injury,Measure,Value,Lower bound,Upper bound
China,1990,All ages,Both,All causes,"Deaths per 100,000",755.275269053,741.468493112,769.539809174
China,1991,All ages,Both,All causes,"Deaths per 100,000",749.257844255,735.734628049,763.087464854
China,1992,All ages,Both,All causes,"Deaths per 100,000",748.57995127,734.9371087449999,762.760825897
China,1993,All ages,Both,All causes,"Deaths per 100,000",746.951525397,733.152277146,760.839551417
China,1994,All ages,Both,All causes,"Deaths per 100,000",743.446640011,730.194097128,756.721506073
China,1995,All ages,Both,All causes,"Deaths per 100,000",735.1232523,722.0773763459999,748.134406105
China,1996,All ages,Both,All causes,"Deaths per 100,000",725.8461132880001,713.534573498,738.716295155
China,1997,All ages,Both,All causes,"Deaths per 100,000",721.998703773,710.106566749,734.314359423
China,1998,All ages,Both,All causes,"Deaths per 100,000",719.770242315,707.728831809,731.489724841
China,1999,All ages,Both,All causes,"Deaths per 100,000",718.371426691,706.500063233,729.594892405
China,2000,All ages,Both,All causes,"Deaths per 100,000",721.119875574,709.010683099,732.279193874
China,2001,All ages,Both,All causes,"Deaths per 100,000",729.94914465,718.095339706,741.308597399
China,2002,All ages,Both,All causes,"Deaths per 100,000",740.364533845,728.6478695989999,751.765813313
China,2003,All ages,Both,All causes,"Deaths per 100,000",720.520123139,709.395445992,731.693131058
China,2004,All ages,Both,All causes,"Deaths per 100,000",711.203598934,699.619526536,722.032908453
China,2005,All ages,Both,All causes,"Deaths per 100,000",708.8607515140001,697.596899344,719.275164475
China,2006,All ages,Both,All causes,"Deaths per 100,000",694.1781405199999,683.06403562,704.3250326269999
China,2007,All ages,Both,All causes,"Deaths per 100,000",687.09781179,676.1322142089999,697.577585622
China,2008,All ages,Both,All causes,"Deaths per 100,000",693.399692661,680.762134336,707.1377013929999
China,2009,All ages,Both,All causes,"Deaths per 100,000",689.1653991119999,677.43181875,700.620024894
China,2010,All ages,Both,All causes,"Deaths per 100,000",693.44648953,681.784794111,705.418420101
China,2011,All ages,Both,All causes,"Deaths per 100,000",686.895581154,675.12327707,698.7162737149999
China,2012,All ages,Both,All causes,"Deaths per 100,000",686.231779653,673.992215837,698.313790318
China,2013,All ages,Both,All causes,"Deaths per 100,000",690.013983069,677.2951602840001,702.467991328
China,2014,All ages,Both,All causes,"Deaths per 100,000",702.629150216,689.417380387,716.426787863
China,2015,All ages,Both,All causes,"Deaths per 100,000",702.004329146,687.723115183,716.31833809
China,2016,All ages,Both,All causes,"Deaths per 100,000",707.098322964,692.856572956,721.0419842809999
Indonesia,1990,All ages,Both,All causes,"Deaths per 100,000",764.228642398,748.9497754199999,780.24002683
Indonesia,1991,All ages,Both,All causes,"Deaths per 100,000",748.048575017,732.655874206,764.019500254
Indonesia,1992,All ages,Both,All causes,"Deaths per 100,000",735.327519373,720.614990621,750.844961094
Indonesia,1993,All ages,Both,All causes,"Deaths per 100,000",725.604476189,710.949318213,740.583767219
Indonesia,1994,All ages,Both,All causes,"Deaths per 100,000",712.906250499,698.374826863,727.031923521
Indonesia,1995,All ages,Both,All causes,"Deaths per 100,000",701.7480843579999,687.160985582,714.597796114
Indonesia,1996,All ages,Both,All causes,"Deaths per 100,000",692.2050306259999,678.351054209,705.362082718
Indonesia,1997,All ages,Both,All causes,"Deaths per 100,000",685.505072836,672.019830891,698.2894269450001
Indonesia,1998,All ages,Both,All causes,"Deaths per 100,000",681.4303393509999,668.146458028,694.332630085
Indonesia,1999,All ages,Both,All causes,"Deaths per 100,000",680.561328246,667.588722845,693.174748766
Indonesia,2000,All ages,Both,All causes,"Deaths per 100,000",678.386537842,665.071459873,691.389918213
Indonesia,2001,All ages,Both,All causes,"Deaths per 100,000",670.824130102,657.826037995,683.344628232
Indonesia,2002,All ages,Both,All causes,"Deaths per 100,000",664.56322219,651.010036988,677.441634226
Indonesia,2003,All ages,Both,All causes,"Deaths per 100,000",658.350340661,644.3951968169999,671.928601926
Indonesia,2004,All ages,Both,All causes,"Deaths per 100,000",726.463306298,695.366351301,757.328093674
Indonesia,2005,All ages,Both,All causes,"Deaths per 100,000",646.587097636,632.4819266459999,661.1286778980001
Indonesia,2006,All ages,Both,All causes,"Deaths per 100,000",644.056507705,629.7765502870001,659.061910298
Indonesia,2007,All ages,Both,All causes,"Deaths per 100,000",639.850963879,624.789746007,655.194377085
Indonesia,2008,All ages,Both,All causes,"Deaths per 100,000",634.901879304,618.748742957,651.182521685
Indonesia,2009,All ages,Both,All causes,"Deaths per 100,000",628.989200336,612.168197034,645.982751717
Indonesia,2010,All ages,Both,All causes,"Deaths per 100,000",621.656188518,603.372660233,639.428491025
Indonesia,2011,All ages,Both,All causes,"Deaths per 100,000",616.40174891,596.946936412,634.8980660670001
Indonesia,2012,All ages,Both,All causes,"Deaths per 100,000",611.939597037,591.415074824,631.358930729
Indonesia,2013,All ages,Both,All causes,"Deaths per 100,000",606.00720247,584.2999116220001,626.460123438
Indonesia,2014,All ages,Both,All causes,"Deaths per 100,000",600.876374058,578.890450217,622.07286673
Indonesia,2015,All ages,Both,All causes,"Deaths per 100,000",595.778191243,574.010266754,617.992640457
Indonesia,2016,All ages,Both,All causes,"Deaths per 100,000",596.2379757150001,573.702431082,619.748525001
Fiji,1990,All ages,Both,All causes,"Deaths per 100,000",634.7057778120001,526.050764609,764.3533460149999
Fiji,1991,All ages,Both,All causes,"Deaths per 100,000",643.585229865,534.406187782,778.985529492
Fiji,1992,All ages,Both,All causes,"Deaths per 100,000",654.56337838,546.804474291,787.990564822
Fiji,1993,All ages,Both,All causes,"Deaths per 100,000",672.7606720499999,568.725331751,809.47273728
Fiji,1994,All ages,Both,All causes,"Deaths per 100,000",684.89128868,580.321533897,810.662673923
Fiji,1995,All ages,Both,All causes,"Deaths per 100,000",699.254044941,603.541058345,809.9297560709999
Fiji,1996,All ages,Both,All causes,"Deaths per 100,000",715.231349687,635.626956316,809.283497352
Fiji,1997,All ages,Both,All causes,"Deaths per 100,000",733.944724036,654.068961114,818.996827798
Fiji,1998,All ages,Both,All causes,"Deaths per 100,000",742.410578351,659.170135089,826.835615997
Fiji,1999,All ages,Both,All causes,"Deaths per 100,000",756.130656856,677.2333389160001,843.619938379
Fiji,2000,All ages,Both,All causes,"Deaths per 100,000",758.388176485,684.5971679290001,842.322687887
Fiji,2001,All ages,Both,All causes,"Deaths per 100,000",765.316876664,690.281731297,853.778144717
Fiji,2002,All ages,Both,All causes,"Deaths per 100,000",775.009629649,701.351984581,858.0472450350001
Fiji,2003,All ages,Both,All causes,"Deaths per 100,000",790.2689731500001,712.896638711,876.6641036
Fiji,2004,All ages,Both,All causes,"Deaths per 100,000",806.316173175,727.9308919169999,894.1743627589999
Fiji,2005,All ages,Both,All causes,"Deaths per 100,000",826.90777427,744.645622637,912.4794846149999
Fiji,2006,All ages,Both,All causes,"Deaths per 100,000",840.1275104040001,751.475003884,934.32517786
Fiji,2007,All ages,Both,All causes,"Deaths per 100,000",853.006761827,765.2945382519999,950.3907483449999
Fiji,2008,All ages,Both,All causes,"Deaths per 100,000",867.31801825,765.577328902,967.528585342
Fiji,2009,All ages,Both,All causes,"Deaths per 100,000",876.528813734,760.852440301,990.3831392019999
Fiji,2010,All ages,Both,All causes,"Deaths per 100,000",872.127456929,761.7875901580001,994.1688285800001
Fiji,2011,All ages,Both,All causes,"Deaths per 100,000",877.259769354,765.916303609,986.294493423
Fiji,2012,All ages,Both,All causes,"Deaths per 100,000",897.532594891,778.5016009550001,1020.9040793600001
Fiji,2013,All ages,Both,All causes,"Deaths per 100,000",911.9388285499999,770.322479998,1051.8387002
Fiji,2014,All ages,Both,All causes,"Deaths per 100,000",928.049524774,752.248794592,1106.17629114
Fiji,2015,All ages,Both,All causes,"Deaths per 100,000",944.931998539,749.054286733,1139.50633014
Fiji,2016,All ages,Both,All causes,"Deaths per 100,000",965.391377059,764.590982575,1170.28856037
Kazakhstan,1990,All ages,Both,All causes,"Deaths per 100,000",811.7297130750001,755.212761685,865.115339974
Kazakhstan,1991,All ages,Both,All causes,"Deaths per 100,000",838.867604455,780.136611402,901.71792855
Kazakhstan,1992,All ages,Both,All causes,"Deaths per 100,000",879.321268056,819.310906863,947.427582594
Kazakhstan,1993,All ages,Both,All causes,"Deaths per 100,000",931.363989368,855.254783803,1001.31915849
Kazakhstan,1994,All ages,Both,All causes,"Deaths per 100,000",992.9435543420001,916.80019144,1066.0406377900001
Kazakhstan,1995,All ages,Both,All causes,"Deaths per 100,000",1051.00631559,970.2645186350001,1130.5181465
Kazakhstan,1996,All ages,Both,All causes,"Deaths per 100,000",1075.98730929,989.7624589410001,1154.9999092399999
Kazakhstan,1997,All ages,Both,All causes,"Deaths per 100,000",1080.50440091,1004.20592571,1166.54290807
Kazakhstan,1998,All ages,Both,All causes,"Deaths per 100,000",1071.93729831,994.611029371,1153.44648458
Kazakhstan,1999,All ages,Both,All causes,"Deaths per 100,000",1063.37018131,988.1494085850001,1143.97412863
Kazakhstan,2000,All ages,Both,All causes,"Deaths per 100,000",1059.1980460300001,978.0965914729999,1148.66875401
Kazakhstan,2001,All ages,Both,All causes,"Deaths per 100,000",1054.74912193,974.270436637,1135.1688050999999
Kazakhstan,2002,All ages,Both,All causes,"Deaths per 100,000",1049.79969102,968.806093345,1134.42775086
Kazakhstan,2003,All ages,Both,All causes,"Deaths per 100,000",1060.79789963,980.1461203939999,1146.58579466
Kazakhstan,2004,All ages,Both,All causes,"Deaths per 100,000",1075.6715892299999,992.0391888519999,1162.43773449
Kazakhstan,2005,All ages,Both,All causes,"Deaths per 100,000",1086.6001592300001,1004.4423333999999,1168.5538923600002
Kazakhstan,2006,All ages,Both,All causes,"Deaths per 100,000",1077.9230518099998,991.3308730690001,1160.88576663
Kazakhstan,2007,All ages,Both,All causes,"Deaths per 100,000",1038.91332395,958.293029571,1116.07270314
Kazakhstan,2008,All ages,Both,All causes,"Deaths per 100,000",978.9273232620001,900.865271799,1058.14127615
Kazakhstan,2009,All ages,Both,All causes,"Deaths per 100,000",926.777213058,858.922216681,1004.17970307
Kazakhstan,2010,All ages,Both,All causes,"Deaths per 100,000",892.163570448,830.054486663,966.8124528679999
Kazakhstan,2011,All ages,Both,All causes,"Deaths per 100,000",868.779043693,805.708226571,937.953437954
Kazakhstan,2012,All ages,Both,All causes,"Deaths per 100,000",842.8874957170001,779.678275127,907.237613922
Kazakhstan,2013,All ages,Both,All causes,"Deaths per 100,000",807.714662233,747.6496089489999,868.126851404
Kazakhstan,2014,All ages,Both,All causes,"Deaths per 100,000",770.059586541,709.528306196,833.3647234880001
Kazakhstan,2015,All ages,Both,All causes,"Deaths per 100,000",745.203541303,680.565406303,825.355272217
Kazakhstan,2016,All ages,Both,All causes,"Deaths per 100,000",752.871917629,655.2704717649999,873.5933784010001
Poland,1990,All ages,Both,All causes,"Deaths per 100,000",1027.6207297800001,998.6208230809999,1056.1007807
Poland,1991,All ages,Both,All causes,"Deaths per 100,000",1057.89601329,1026.99174567,1087.43110953
Poland,1992,All ages,Both,All causes,"Deaths per 100,000",1038.49314217,1007.98746017,1067.49767026
Poland,1993,All ages,Both,All causes,"Deaths per 100,000",1013.35322521,983.003857487,1042.5640638700002
Poland,1994,All ages,Both,All causes,"Deaths per 100,000",1012.10243184,982.118224998,1040.61261313
Poland,1995,All ages,Both,All causes,"Deaths per 100,000",1015.8859576899999,987.73486717,1044.6115069999998
Poland,1996,All ages,Both,All causes,"Deaths per 100,000",998.6943147000001,971.065512392,1028.77433537
Poland,1997,All ages,Both,All causes,"Deaths per 100,000",993.200589607,962.991939222,1022.7998308100001
Poland,1998,All ages,Both,All causes,"Deaths per 100,000",981.226350806,952.150487619,1012.85732139
Poland,1999,All ages,Both,All causes,"Deaths per 100,000",990.149202549,960.918644646,1020.9657015800001
Poland,2000,All ages,Both,All causes,"Deaths per 100,000",964.031127967,937.171875634,991.827530882
Poland,2001,All ages,Both,All causes,"Deaths per 100,000",942.0537613040001,915.0504455939999,970.2447632230001
Poland,2002,All ages,Both,All causes,"Deaths per 100,000",933.0519695359999,905.9288825780001,960.1237439930001
Poland,2003,All ages,Both,All causes,"Deaths per 100,000",933.200891261,905.3289376710001,961.349682529
Poland,2004,All ages,Both,All causes,"Deaths per 100,000",942.229885481,912.7888566600001,971.094236004
Poland,2005,All ages,Both,All causes,"Deaths per 100,000",953.9561349150001,924.635688763,982.8688601
Poland,2006,All ages,Both,All causes,"Deaths per 100,000",967.9863120040001,940.4413374479999,995.5899948089999
Poland,2007,All ages,Both,All causes,"Deaths per 100,000",984.207398427,956.897841347,1010.4556095199999
Poland,2008,All ages,Both,All causes,"Deaths per 100,000",990.151209951,961.9531514409999,1016.7158975399999
Poland,2009,All ages,Both,All causes,"Deaths per 100,000",996.236673818,968.310386721,1022.96853122
Poland,2010,All ages,Both,All causes,"Deaths per 100,000",985.864492885,958.126901524,1010.69715578
Poland,2011,All ages,Both,All causes,"Deaths per 100,000",990.845364842,961.165658751,1017.24098802
Poland,2012,All ages,Both,All causes,"Deaths per 100,000",1005.62049374,975.2373930699999,1035.28395527
Poland,2013,All ages,Both,All causes,"Deaths per 100,000",1004.19588409,973.061151832,1037.30215421
Poland,2014,All ages,Both,All causes,"Deaths per 100,000",988.777826721,949.270359998,1030.06343691
Poland,2015,All ages,Both,All causes,"Deaths per 100,000",998.832673488,944.81651928,1056.8111472800001
Poland,2016,All ages,Both,All causes,"Deaths per 100,000",1008.5148098200001,937.6858344269999,1085.00195049
Ukraine,1990,All ages,Both,All causes,"Deaths per 100,000",1234.2165026500002,1184.78197848,1287.91541196
Ukraine,1991,All ages,Both,All causes,"Deaths per 100,000",1297.80598353,1241.01415675,1350.33399932
Ukraine,1992,All ages,Both,All causes,"Deaths per 100,000",1354.37720495,1297.1781284,1412.58214122
Ukraine,1993,All ages,Both,All causes,"Deaths per 100,000",1412.20314326,1352.430012,1475.2411333300001
Ukraine,1994,All ages,Both,All causes,"Deaths per 100,000",1477.38638042,1417.83280734,1545.54474546
Ukraine,1995,All ages,Both,All causes,"Deaths per 100,000",1572.7766234599999,1502.6585019,1640.76448053
Ukraine,1996,All ages,Both,All causes,"Deaths per 100,000",1556.07101503,1488.25553812,1633.75708415
Ukraine,1997,All ages,Both,All causes,"Deaths per 100,000",1507.61829163,1447.89269573,1571.6308197600001
Ukraine,1998,All ages,Both,All causes,"Deaths per 100,000",1442.44971634,1383.2437290999999,1508.41893416
Ukraine,1999,All ages,Both,All causes,"Deaths per 100,000",1498.28557465,1436.24175962,1565.43540128
Ukraine,2000,All ages,Both,All causes,"Deaths per 100,000",1545.8171040700001,1473.92055276,1610.0094754899999
Ukraine,2001,All ages,Both,All causes,"Deaths per 100,000",1538.12552738,1467.4144728,1611.5551771700002
Ukraine,2002,All ages,Both,All causes,"Deaths per 100,000",1551.03827248,1480.24387616,1615.49597602
Ukraine,2003,All ages,Both,All causes,"Deaths per 100,000",1575.5890993,1511.1525494,1644.4964086300001
Ukraine,2004,All ages,Both,All causes,"Deaths per 100,000",1608.92064635,1536.53710727,1677.61911967
Ukraine,2005,All ages,Both,All causes,"Deaths per 100,000",1671.46547126,1603.89168495,1745.13419488
Ukraine,2006,All ages,Both,All causes,"Deaths per 100,000",1622.0343073499998,1553.05379899,1691.9917679100001
Ukraine,2007,All ages,Both,All causes,"Deaths per 100,000",1668.36884333,1591.50707413,1747.64116258
Ukraine,2008,All ages,Both,All causes,"Deaths per 100,000",1671.63063028,1607.3014168099999,1745.50816613
Ukraine,2009,All ages,Both,All causes,"Deaths per 100,000",1533.8411169600001,1474.99206446,1603.41466406
Ukraine,2010,All ages,Both,All causes,"Deaths per 100,000",1480.07333654,1416.96967148,1544.17344197
Ukraine,2011,All ages,Both,All causes,"Deaths per 100,000",1430.1568418499999,1369.62996423,1493.35603286
Ukraine,2012,All ages,Both,All causes,"Deaths per 100,000",1453.4692417200001,1396.2458819,1514.2105388500001
Ukraine,2013,All ages,Both,All causes,"Deaths per 100,000",1459.44439227,1395.9314225399999,1520.33251215
Ukraine,2014,All ages,Both,All causes,"Deaths per 100,000",1414.72015112,1343.67527702,1495.98782907
Ukraine,2015,All ages,Both,All causes,"Deaths per 100,000",1429.6065713199998,1274.9262808400001,1609.6095127500002
Ukraine,2016,All ages,Both,All causes,"Deaths per 100,000",1453.68242482,1200.43570481,1782.0255097
Japan,1990,All ages,Both,All causes,"Deaths per 100,000",675.714517375,673.5936014,677.98294101
Japan,1991,All ages,Both,All causes,"Deaths per 100,000",686.561926068,684.261099835,688.989338203
Japan,1992,All ages,Both,All causes,"Deaths per 100,000",699.88465598,697.394621199,702.232292732
Japan,1993,All ages,Both,All causes,"Deaths per 100,000",712.697341499,710.3030504039999,715.092299892
Japan,1994,All ages,Both,All causes,"Deaths per 100,000",720.79039873,718.469573032,723.258123601
Japan,1995,All ages,Both,All causes,"Deaths per 100,000",737.248316686,732.750812489,742.002049799
Japan,1996,All ages,Both,All causes,"Deaths per 100,000",738.214700437,735.437416492,740.923621797
Japan,1997,All ages,Both,All causes,"Deaths per 100,000",749.338422095,746.557125602,752.237142219
Japan,1998,All ages,Both,All causes,"Deaths per 100,000",763.533207866,760.562421569,766.255482739
Japan,1999,All ages,Both,All causes,"Deaths per 100,000",779.368081935,776.1574291549999,782.4266487610001
Japan,2000,All ages,Both,All causes,"Deaths per 100,000",785.2181867710001,781.909445727,788.411905439
Japan,2001,All ages,Both,All causes,"Deaths per 100,000",795.0134320340001,791.6263510289999,798.584235062
Japan,2002,All ages,Both,All causes,"Deaths per 100,000",806.768234364,803.0528443,810.297275541
Japan,2003,All ages,Both,All causes,"Deaths per 100,000",823.019942671,819.2507417260001,826.494801264
Japan,2004,All ages,Both,All causes,"Deaths per 100,000",840.117910889,836.421433633,844.009033447
Japan,2005,All ages,Both,All causes,"Deaths per 100,000",864.4783439969999,860.2546430479999,868.658123177
Japan,2006,All ages,Both,All causes,"Deaths per 100,000",881.7518978059999,877.363899464,886.176586249
Japan,2007,All ages,Both,All causes,"Deaths per 100,000",901.641447923,897.390183593,906.043861503
Japan,2008,All ages,Both,All causes,"Deaths per 100,000",921.6184851449999,917.2972748770001,926.0997225960001
Japan,2009,All ages,Both,All causes,"Deaths per 100,000",936.919131769,933.0333973040001,941.759878439
Japan,2010,All ages,Both,All causes,"Deaths per 100,000",960.2239720619999,955.389831492,964.978324554
Japan,2011,All ages,Both,All causes,"Deaths per 100,000",994.342797997,981.12809798,1008.19584956
Japan,2012,All ages,Both,All causes,"Deaths per 100,000",1004.5568287199999,1000.8630275400001,1008.55218905
Japan,2013,All ages,Both,All causes,"Deaths per 100,000",1021.03200309,1016.02061926,1025.8119946499999
Japan,2014,All ages,Both,All causes,"Deaths per 100,000",1030.93059267,1022.4593591700001,1039.22340615
Japan,2015,All ages,Both,All causes,"Deaths per 100,000",1049.83007312,1036.73343398,1062.76523165
Japan,2016,All ages,Both,All causes,"Deaths per 100,000",1069.63094098,1052.00185931,1087.76429617
Australia,1990,All ages,Both,All causes,"Deaths per 100,000",705.341411724,693.2957917460001,718.6121059129999
Australia,1991,All ages,Both,All causes,"Deaths per 100,000",697.788718141,685.6086396999999,710.006261432
Australia,1992,All ages,Both,All causes,"Deaths per 100,000",700.231235795,688.9318725219999,711.4113432400001
Australia,1993,All ages,Both,All causes,"Deaths per 100,000",697.890685697,686.461498771,709.098989156
Australia,1994,All ages,Both,All causes,"Deaths per 100,000",702.101301496,690.721437971,713.340056136
Australia,1995,All ages,Both,All causes,"Deaths per 100,000",699.008584309,687.6995843579999,710.710398499
Australia,1996,All ages,Both,All causes,"Deaths per 100,000",700.2353355500001,688.919543459,711.889808927
Australia,1997,All ages,Both,All causes,"Deaths per 100,000",694.564713877,683.327897235,706.3659387179999
Australia,1998,All ages,Both,All causes,"Deaths per 100,000",687.6760603609999,676.196825882,698.312904972
Australia,1999,All ages,Both,All causes,"Deaths per 100,000",683.413341915,671.718234543,693.879899155
Australia,2000,All ages,Both,All causes,"Deaths per 100,000",679.2171392189999,667.099703281,690.911355123
Australia,2001,All ages,Both,All causes,"Deaths per 100,000",677.2556067080001,665.884893437,689.6131258969999
Australia,2002,All ages,Both,All causes,"Deaths per 100,000",677.7560987080001,666.1462026620001,689.951553228
Australia,2003,All ages,Both,All causes,"Deaths per 100,000",671.400135169,660.414232235,682.5835741239999
Australia,2004,All ages,Both,All causes,"Deaths per 100,000",666.7494485110001,656.340715869,677.964423544
Australia,2005,All ages,Both,All causes,"Deaths per 100,000",662.818487912,652.267855344,673.627683349
Australia,2006,All ages,Both,All causes,"Deaths per 100,000",665.76665156,654.195094951,677.183811551
Australia,2007,All ages,Both,All causes,"Deaths per 100,000",667.599627366,656.235421072,678.662571394
Australia,2008,All ages,Both,All causes,"Deaths per 100,000",666.967528097,655.125511187,678.680966493
Australia,2009,All ages,Both,All causes,"Deaths per 100,000",659.487432509,647.340526221,672.397634166
Australia,2010,All ages,Both,All causes,"Deaths per 100,000",659.973283038,648.160746283,672.519594933
Australia,2011,All ages,Both,All causes,"Deaths per 100,000",662.87438899,650.96042986,674.416645074
Australia,2012,All ages,Both,All causes,"Deaths per 100,000",662.7133792799999,650.854085895,673.634140466
Australia,2013,All ages,Both,All causes,"Deaths per 100,000",658.103781725,646.181945517,671.110005641
Australia,2014,All ages,Both,All causes,"Deaths per 100,000",664.537658097,648.6305410900001,682.745647468
Australia,2015,All ages,Both,All causes,"Deaths per 100,000",675.6513523890001,652.523796893,701.6029840399999
Australia,2016,All ages,Both,All causes,"Deaths per 100,000",687.550001327,654.672714912,723.566049234
Germany,1990,All ages,Both,All causes,"Deaths per 100,000",1151.73280751,1112.86363752,1199.04537726
Germany,1991,All ages,Both,All causes,"Deaths per 100,000",1134.12610415,1092.86145058,1180.11180765
Germany,1992,All ages,Both,All causes,"Deaths per 100,000",1112.84740317,1075.44209536,1158.94495543
Germany,1993,All ages,Both,All causes,"Deaths per 100,000",1105.1282684399998,1067.34799715,1152.6001985300002
Germany,1994,All ages,Both,All causes,"Deaths per 100,000",1097.0514028,1059.43851932,1144.23478842
Germany,1995,All ages,Both,All causes,"Deaths per 100,000",1092.2136326,1051.36688112,1137.20015671
Germany,1996,All ages,Both,All causes,"Deaths per 100,000",1083.16230039,1042.7185084599998,1126.31542081
Germany,1997,All ages,Both,All causes,"Deaths per 100,000",1067.51407854,1027.88125674,1108.61305575
Germany,1998,All ages,Both,All causes,"Deaths per 100,000",1058.2515456200001,1020.70136625,1098.11932208
Germany,1999,All ages,Both,All causes,"Deaths per 100,000",1050.39625172,1011.7819412599999,1089.5731029400001
Germany,2000,All ages,Both,All causes,"Deaths per 100,000",1043.6022362,1005.8926259400001,1081.74997869
Germany,2001,All ages,Both,All causes,"Deaths per 100,000",1037.58106889,1000.42131722,1072.9932552100001
Germany,2002,All ages,Both,All causes,"Deaths per 100,000",1035.39315356,999.3825664899999,1068.24544086
Germany,2003,All ages,Both,All causes,"Deaths per 100,000",1031.0712354500001,992.935988272,1063.26766145
Germany,2004,All ages,Both,All causes,"Deaths per 100,000",1022.86640775,984.856079361,1056.39842996
Germany,2005,All ages,Both,All causes,"Deaths per 100,000",1030.11033883,991.0947029160001,1064.5149533400001
Germany,2006,All ages,Both,All causes,"Deaths per 100,000",1034.45331793,994.939613169,1071.88312002
Germany,2007,All ages,Both,All causes,"Deaths per 100,000",1039.29978661,999.9910558930001,1079.40921665
Germany,2008,All ages,Both,All causes,"Deaths per 100,000",1046.94043992,1007.46364092,1087.8241995600001
Germany,2009,All ages,Both,All causes,"Deaths per 100,000",1058.50818013,1017.67489846,1098.81684607
Germany,2010,All ages,Both,All causes,"Deaths per 100,000",1069.41405661,1028.18801429,1109.3874365200002
Germany,2011,All ages,Both,All causes,"Deaths per 100,000",1077.44044755,1032.53702238,1120.76808306
Germany,2012,All ages,Both,All causes,"Deaths per 100,000",1088.99455358,1041.59419802,1132.58448021
Germany,2013,All ages,Both,All causes,"Deaths per 100,000",1096.43830868,1046.87622371,1147.75811924
Germany,2014,All ages,Both,All causes,"Deaths per 100,000",1089.52415191,1034.92330883,1146.81702609
Germany,2015,All ages,Both,All causes,"Deaths per 100,000",1103.74469328,1043.2788983,1167.87758278
Germany,2016,All ages,Both,All causes,"Deaths per 100,000",1119.1855460000002,1049.4633828600001,1193.5814436
Argentina,1990,All ages,Both,All causes,"Deaths per 100,000",794.8829657890001,770.8470614940001,816.44896843
Argentina,1991,All ages,Both,All causes,"Deaths per 100,000",788.308934405,764.415820985,810.765660771
Argentina,1992,All ages,Both,All causes,"Deaths per 100,000",784.140610073,760.727582578,806.8683981160001
Argentina,1993,All ages,Both,All causes,"Deaths per 100,000",776.701796981,754.570763674,799.955267907
Argentina,1994,All ages,Both,All causes,"Deaths per 100,000",768.143245802,744.824931796,790.510546437
Argentina,1995,All ages,Both,All causes,"Deaths per 100,000",772.671387732,750.0807455280001,795.6943306919999
Argentina,1996,All ages,Both,All causes,"Deaths per 100,000",773.7198506359999,751.49142788,795.624081923
Argentina,1997,All ages,Both,All causes,"Deaths per 100,000",774.21714219,751.622683079,797.4714985530001
Argentina,1998,All ages,Both,All causes,"Deaths per 100,000",777.8816850000001,755.669972482,801.129218836
Argentina,1999,All ages,Both,All causes,"Deaths per 100,000",778.697108405,758.9413510510001,801.432826367
Argentina,2000,All ages,Both,All causes,"Deaths per 100,000",773.487559028,753.0753363690001,797.549613912
Argentina,2001,All ages,Both,All causes,"Deaths per 100,000",771.640485744,751.6995593590001,795.24105388
Argentina,2002,All ages,Both,All causes,"Deaths per 100,000",774.485449184,752.519726082,796.2863447469999
Argentina,2003,All ages,Both,All causes,"Deaths per 100,000",778.747462031,756.597229436,800.9252299440001
Argentina,2004,All ages,Both,All causes,"Deaths per 100,000",773.525370593,750.920672338,796.100417977
Argentina,2005,All ages,Both,All causes,"Deaths per 100,000",769.278862152,746.745856387,792.3538952949999
Argentina,2006,All ages,Both,All causes,"Deaths per 100,000",769.2959554649999,745.264627541,791.343663091
Argentina,2007,All ages,Both,All causes,"Deaths per 100,000",778.9391298510001,755.299430617,800.94087081
Argentina,2008,All ages,Both,All causes,"Deaths per 100,000",773.135368075,751.243335982,794.671501051
Argentina,2009,All ages,Both,All causes,"Deaths per 100,000",771.269884249,749.707287546,794.030777168
Argentina,2010,All ages,Both,All causes,"Deaths per 100,000",771.316039347,751.091865999,794.526857135
Argentina,2011,All ages,Both,All causes,"Deaths per 100,000",769.014980864,747.7333347590001,791.68877779
Argentina,2012,All ages,Both,All causes,"Deaths per 100,000",768.485029522,745.390378941,792.357698767
Argentina,2013,All ages,Both,All causes,"Deaths per 100,000",765.596382362,741.728192308,790.357656909
Argentina,2014,All ages,Both,All causes,"Deaths per 100,000",758.090695845,731.707460533,789.221644777
Argentina,2015,All ages,Both,All causes,"Deaths per 100,000",760.9965298449999,724.8002499080001,798.178950921
Argentina,2016,All ages,Both,All causes,"Deaths per 100,000",766.733623426,720.058306157,812.095956533
United States,1990,All ages,Both,All causes,"Deaths per 100,000",861.955734572,856.7357435079999,867.276492113
United States,1991,All ages,Both,All causes,"Deaths per 100,000",859.007164805,853.8133433649999,864.537940985
United States,1992,All ages,Both,All causes,"Deaths per 100,000",856.9275889249999,851.800702577,862.650885443
United States,1993,All ages,Both,All causes,"Deaths per 100,000",864.3575058429999,859.1393767550001,870.2192391760001
United States,1994,All ages,Both,All causes,"Deaths per 100,000",867.185268801,861.823692931,872.929490811
United States,1995,All ages,Both,All causes,"Deaths per 100,000",869.223402469,863.5086431440001,874.7790085080001
United States,1996,All ages,Both,All causes,"Deaths per 100,000",857.7712331780001,852.3009695659999,863.1812989560001
United States,1997,All ages,Both,All causes,"Deaths per 100,000",843.4558719629999,838.1936791149999,848.3636064250001
United States,1998,All ages,Both,All causes,"Deaths per 100,000",843.608067875,838.389465763,848.9057822410001
United States,1999,All ages,Both,All causes,"Deaths per 100,000",848.3821174610001,843.1177923660001,853.606484268
United States,2000,All ages,Both,All causes,"Deaths per 100,000",845.249177667,840.3296991699999,850.085847313
United States,2001,All ages,Both,All causes,"Deaths per 100,000",842.594768947,837.899408871,847.455533548
United States,2002,All ages,Both,All causes,"Deaths per 100,000",840.2599737329999,835.6983785100001,844.835064785
United States,2003,All ages,Both,All causes,"Deaths per 100,000",834.774373834,829.769993812,839.8278095320001
United States,2004,All ages,Both,All causes,"Deaths per 100,000",825.1070754000001,820.261658655,829.795093851
United States,2005,All ages,Both,All causes,"Deaths per 100,000",820.1271569989999,815.4093144779999,824.670572555
United States,2006,All ages,Both,All causes,"Deaths per 100,000",810.128009015,805.696036177,814.616170787
United States,2007,All ages,Both,All causes,"Deaths per 100,000",804.0050302709999,799.109910862,808.7247623220001
United States,2008,All ages,Both,All causes,"Deaths per 100,000",800.344958818,795.6983314690001,805.0950796379999
United States,2009,All ages,Both,All causes,"Deaths per 100,000",794.3775593199999,789.7357022629999,799.203514346
United States,2010,All ages,Both,All causes,"Deaths per 100,000",795.617777786,791.014567495,800.147306691
United States,2011,All ages,Both,All causes,"Deaths per 100,000",801.6171253260001,796.885920684,806.574210296
United States,2012,All ages,Both,All causes,"Deaths per 100,000",809.240466605,804.2885119189999,814.439725294
United States,2013,All ages,Both,All causes,"Deaths per 100,000",820.8957308859999,815.434640211,826.255246612
United States,2014,All ages,Both,All causes,"Deaths per 100,000",832.850321085,826.8897853279999,839.4891107359999
United States,2015,All ages,Both,All causes,"Deaths per 100,000",846.52124645,837.4220497770001,855.7681358619999
United States,2016,All ages,Both,All causes,"Deaths per 100,000",858.6771873849999,846.0332382009999,871.896505628
Cuba,1990,All ages,Both,All causes,"Deaths per 100,000",698.058380148,676.460675471,720.257491661
Cuba,1991,All ages,Both,All causes,"Deaths per 100,000",706.434547296,682.621774461,729.3921917
Cuba,1992,All ages,Both,All causes,"Deaths per 100,000",715.608194153,691.054839298,739.219028277
Cuba,1993,All ages,Both,All causes,"Deaths per 100,000",724.649245118,700.74123655,748.856236117
Cuba,1994,All ages,Both,All causes,"Deaths per 100,000",729.66485606,706.356063553,753.92363306
Cuba,1995,All ages,Both,All causes,"Deaths per 100,000",726.400848821,703.420933606,749.570709007
Cuba,1996,All ages,Both,All causes,"Deaths per 100,000",721.689984611,698.3467870000001,743.43529411
Cuba,1997,All ages,Both,All causes,"Deaths per 100,000",718.3630010310001,697.320389117,740.203812705
Cuba,1998,All ages,Both,All causes,"Deaths per 100,000",712.120136602,690.1854041619999,733.1290462
Cuba,1999,All ages,Both,All causes,"Deaths per 100,000",707.9911590419999,684.955077513,728.751651559
Cuba,2000,All ages,Both,All causes,"Deaths per 100,000",703.423270442,678.895928915,724.962133782
Cuba,2001,All ages,Both,All causes,"Deaths per 100,000",700.065172539,676.2438902189999,721.834072813
Cuba,2002,All ages,Both,All causes,"Deaths per 100,000",698.533518246,674.969841448,722.471940774
Cuba,2003,All ages,Both,All causes,"Deaths per 100,000",703.5640838959999,679.483186234,728.062840793
Cuba,2004,All ages,Both,All causes,"Deaths per 100,000",711.36929676,685.981645737,737.086508174
Cuba,2005,All ages,Both,All causes,"Deaths per 100,000",719.460862271,693.6225620170001,744.05720053
Cuba,2006,All ages,Both,All causes,"Deaths per 100,000",725.618815143,701.038177635,749.1867307780001
Cuba,2007,All ages,Both,All causes,"Deaths per 100,000",733.120498988,707.8780093419999,757.4730787469999
Cuba,2008,All ages,Both,All causes,"Deaths per 100,000",744.649858724,720.034231407,768.8232300320001
Cuba,2009,All ages,Both,All causes,"Deaths per 100,000",755.771019811,731.363444751,778.945916165
Cuba,2010,All ages,Both,All causes,"Deaths per 100,000",766.459433016,741.6470736819999,791.8192395020001
Cuba,2011,All ages,Both,All causes,"Deaths per 100,000",773.6124270270001,745.890553622,800.113626375
Cuba,2012,All ages,Both,All causes,"Deaths per 100,000",785.539762316,754.645193541,814.9944412179999
Cuba,2013,All ages,Both,All causes,"Deaths per 100,000",799.327779852,762.1382758120001,834.4392051929999
Cuba,2014,All ages,Both,All causes,"Deaths per 100,000",813.628101643,771.359046822,854.331262983
Cuba,2015,All ages,Both,All causes,"Deaths per 100,000",826.992955437,775.7238639239999,874.445831321
Cuba,2016,All ages,Both,All causes,"Deaths per 100,000",845.274688504,788.463311369,900.306402024
Peru,1990,All ages,Both,All causes,"Deaths per 100,000",589.40345144,564.109281284,617.638905385
Peru,1991,All ages,Both,All causes,"Deaths per 100,000",588.681351024,555.880115806,625.264355253
Peru,1992,All ages,Both,All causes,"Deaths per 100,000",568.714231384,539.8925761710001,599.823810512
Peru,1993,All ages,Both,All causes,"Deaths per 100,000",560.303398495,531.331361604,592.005175246
Peru,1994,All ages,Both,All causes,"Deaths per 100,000",545.7719851779999,517.7407125579999,574.204215438
Peru,1995,All ages,Both,All causes,"Deaths per 100,000",530.505133978,501.955064104,558.823138265
Peru,1996,All ages,Both,All causes,"Deaths per 100,000",511.168439468,485.003625769,537.4675210620001
Peru,1997,All ages,Both,All causes,"Deaths per 100,000",492.39013039900004,467.357153508,520.004928178
Peru,1998,All ages,Both,All causes,"Deaths per 100,000",472.84494587999995,448.496207468,498.22516807700003
Peru,1999,All ages,Both,All causes,"Deaths per 100,000",450.040108863,427.00376538,471.827296853
Peru,2000,All ages,Both,All causes,"Deaths per 100,000",433.035816952,409.87638423600004,455.31962936800005
Peru,2001,All ages,Both,All causes,"Deaths per 100,000",420.387154535,397.010672065,443.13369349100003
Peru,2002,All ages,Both,All causes,"Deaths per 100,000",411.070744242,387.20226827299996,435.125572148
Peru,2003,All ages,Both,All causes,"Deaths per 100,000",407.773706279,382.044547619,431.051497283
Peru,2004,All ages,Both,All causes,"Deaths per 100,000",404.10963140999996,378.838350978,430.18789268999996
Peru,2005,All ages,Both,All causes,"Deaths per 100,000",400.24245196500004,374.42364590200003,426.520606846
Peru,2006,All ages,Both,All causes,"Deaths per 100,000",394.12879888800006,370.461363978,420.412174916
Peru,2007,All ages,Both,All causes,"Deaths per 100,000",394.21212423799994,368.82641919499997,420.578215401
Peru,2008,All ages,Both,All causes,"Deaths per 100,000",395.394148342,371.2797208,422.31456939900005
Peru,2009,All ages,Both,All causes,"Deaths per 100,000",405.503932699,382.01533814600003,435.02957383600005
Peru,2010,All ages,Both,All causes,"Deaths per 100,000",412.154882665,385.531551917,441.36194124400004
Peru,2011,All ages,Both,All causes,"Deaths per 100,000",412.90441749300004,386.31162790999997,441.410913691
Peru,2012,All ages,Both,All causes,"Deaths per 100,000",410.043094908,382.317276031,438.49661452400005
Peru,2013,All ages,Both,All causes,"Deaths per 100,000",403.483053124,371.700319976,435.718036612
Peru,2014,All ages,Both,All causes,"Deaths per 100,000",395.516283776,357.58882388,435.446886145
Peru,2015,All ages,Both,All causes,"Deaths per 100,000",396.80714121,349.44626312500003,449.67261693100005
Peru,2016,All ages,Both,All causes,"Deaths per 100,000",399.722783083,343.768219333,464.04524334100006
Mexico,1990,All ages,Both,All causes,"Deaths per 100,000",521.298928305,514.9903783020001,527.421352039
Mexico,1991,All ages,Both,All causes,"Deaths per 100,000",510.359184532,503.730891615,516.515420278
Mexico,1992,All ages,Both,All causes,"Deaths per 100,000",504.94861334,498.87376085399995,511.07170703300005
Mexico,1993,All ages,Both,All causes,"Deaths per 100,000",499.86040073400005,494.23817251699995,505.826331831
Mexico,1994,All ages,Both,All causes,"Deaths per 100,000",492.289480394,486.511509382,497.99712372600004
Mexico,1995,All ages,Both,All causes,"Deaths per 100,000",488.073763852,482.00735667,493.767568148
Mexico,1996,All ages,Both,All causes,"Deaths per 100,000",478.735961216,472.86977077100005,484.65182013000003
Mexico,1997,All ages,Both,All causes,"Deaths per 100,000",473.90321075099996,468.294631457,479.54624450800003
Mexico,1998,All ages,Both,All causes,"Deaths per 100,000",469.48658127100003,463.335667328,475.479619768
Mexico,1999,All ages,Both,All causes,"Deaths per 100,000",459.611653227,453.650159722,464.844354553
Mexico,2000,All ages,Both,All causes,"Deaths per 100,000",448.62081048,443.351208255,453.598845202
Mexico,2001,All ages,Both,All causes,"Deaths per 100,000",444.22868864500003,438.73101291300003,449.24477459999997
Mexico,2002,All ages,Both,All causes,"Deaths per 100,000",447.59848178699997,441.94929839900004,452.898443009
Mexico,2003,All ages,Both,All causes,"Deaths per 100,000",452.69743364399994,447.353542168,458.345388135
Mexico,2004,All ages,Both,All causes,"Deaths per 100,000",450.044979321,444.370011729,455.73737365200003
Mexico,2005,All ages,Both,All causes,"Deaths per 100,000",457.59306754200003,452.26152569199996,463.55470807599994
Mexico,2006,All ages,Both,All causes,"Deaths per 100,000",455.492167481,449.732806766,461.54629352300003
Mexico,2007,All ages,Both,All causes,"Deaths per 100,000",455.49979744300003,449.476223633,461.72317058799996
Mexico,2008,All ages,Both,All causes,"Deaths per 100,000",471.397363596,465.231697753,477.74791526999996
Mexico,2009,All ages,Both,All causes,"Deaths per 100,000",483.278524846,476.630138242,489.646008119
Mexico,2010,All ages,Both,All causes,"Deaths per 100,000",490.000278228,482.950199047,496.87945137899993
Mexico,2011,All ages,Both,All causes,"Deaths per 100,000",488.62842850100003,482.309140279,495.93873375800007
Mexico,2012,All ages,Both,All causes,"Deaths per 100,000",492.17599181400004,485.33343713400006,499.187739629
Mexico,2013,All ages,Both,All causes,"Deaths per 100,000",505.07708826,497.62310683100003,512.422346029
Mexico,2014,All ages,Both,All causes,"Deaths per 100,000",510.44474602900004,502.148567715,519.1056376829999
Mexico,2015,All ages,Both,All causes,"Deaths per 100,000",509.73390494700004,500.65511265400005,518.883043699
Mexico,2016,All ages,Both,All causes,"Deaths per 100,000",512.6920663,502.017724278,523.494733658
Brazil,1990,All ages,Both,All causes,"Deaths per 100,000",593.236256075,583.800497299,602.5209977220001
Brazil,1991,All ages,Both,All causes,"Deaths per 100,000",583.208101186,573.79024202,592.6362359770001
Brazil,1992,All ages,Both,All causes,"Deaths per 100,000",580.087625345,570.888291823,589.11033434
Brazil,1993,All ages,Both,All causes,"Deaths per 100,000",577.87072269,569.390113709,587.058850564
Brazil,1994,All ages,Both,All causes,"Deaths per 100,000",575.141172487,566.595701011,584.2065345599999
Brazil,1995,All ages,Both,All causes,"Deaths per 100,000",571.992435916,563.214334763,581.331846089
Brazil,1996,All ages,Both,All causes,"Deaths per 100,000",570.5055465,561.426535682,580.0853847660001
Brazil,1997,All ages,Both,All causes,"Deaths per 100,000",565.187047458,555.793228338,575.011243948
Brazil,1998,All ages,Both,All causes,"Deaths per 100,000",564.375729051,555.175479985,573.918686839
Brazil,1999,All ages,Both,All causes,"Deaths per 100,000",563.948798287,554.652021216,573.511081358
Brazil,2000,All ages,Both,All causes,"Deaths per 100,000",560.2948732250001,550.8601924210001,569.508172308
Brazil,2001,All ages,Both,All causes,"Deaths per 100,000",555.382237159,545.904764888,565.348082033
Brazil,2002,All ages,Both,All causes,"Deaths per 100,000",554.651397374,545.363351696,564.369544509
Brazil,2003,All ages,Both,All causes,"Deaths per 100,000",557.790076383,548.318926113,567.876844571
Brazil,2004,All ages,Both,All causes,"Deaths per 100,000",559.498653785,550.152969774,569.180960064
Brazil,2005,All ages,Both,All causes,"Deaths per 100,000",558.907933526,549.9251700469999,567.744920331
Brazil,2006,All ages,Both,All causes,"Deaths per 100,000",559.768721096,551.299491615,568.918309261
Brazil,2007,All ages,Both,All causes,"Deaths per 100,000",560.852231032,552.001908542,569.9403467540001
Brazil,2008,All ages,Both,All causes,"Deaths per 100,000",562.959311622,553.750369269,572.0485423929999
Brazil,2009,All ages,Both,All causes,"Deaths per 100,000",567.099389652,557.88313269,576.467947702
Brazil,2010,All ages,Both,All causes,"Deaths per 100,000",572.973612625,563.558161111,582.259298695
Brazil,2011,All ages,Both,All causes,"Deaths per 100,000",577.1070862390001,567.730395747,586.337020047
Brazil,2012,All ages,Both,All causes,"Deaths per 100,000",580.584353629,571.272013773,590.261164023
Brazil,2013,All ages,Both,All causes,"Deaths per 100,000",587.344164154,578.054900488,597.3560056379999
Brazil,2014,All ages,Both,All causes,"Deaths per 100,000",594.874998435,584.1801304510001,606.048277492
Brazil,2015,All ages,Both,All causes,"Deaths per 100,000",604.8917214,592.950890944,618.924451104
Brazil,2016,All ages,Both,All causes,"Deaths per 100,000",618.812489105,603.896246975,635.825466426
Egypt,1990,All ages,Both,All causes,"Deaths per 100,000",806.39650608,770.985587557,843.6961178700001
Egypt,1991,All ages,Both,All causes,"Deaths per 100,000",787.5871651850001,750.885987534,824.7238395799999
Egypt,1992,All ages,Both,All causes,"Deaths per 100,000",753.5449306510001,719.277373538,788.0743480130001
Egypt,1993,All ages,Both,All causes,"Deaths per 100,000",728.024792948,694.824786727,760.014952157
Egypt,1994,All ages,Both,All causes,"Deaths per 100,000",711.997268633,680.983060186,743.203477629
Egypt,1995,All ages,Both,All causes,"Deaths per 100,000",683.044542982,653.177862615,714.683557748
Egypt,1996,All ages,Both,All causes,"Deaths per 100,000",666.412660634,637.60200299,695.179984915
Egypt,1997,All ages,Both,All causes,"Deaths per 100,000",652.241841826,623.560995304,679.6481674170001
Egypt,1998,All ages,Both,All causes,"Deaths per 100,000",629.481403417,602.035236553,659.381139823
Egypt,1999,All ages,Both,All causes,"Deaths per 100,000",617.969889418,590.899694961,648.750020468
Egypt,2000,All ages,Both,All causes,"Deaths per 100,000",601.155975226,574.265449932,630.857430536
Egypt,2001,All ages,Both,All causes,"Deaths per 100,000",610.074969531,585.2402826289999,638.340496405
Egypt,2002,All ages,Both,All causes,"Deaths per 100,000",609.2916934,583.6026718310001,635.6682464969999
Egypt,2003,All ages,Both,All causes,"Deaths per 100,000",609.490434381,583.630864409,637.721614877
Egypt,2004,All ages,Both,All causes,"Deaths per 100,000",606.023910119,578.920897233,633.593152325
Egypt,2005,All ages,Both,All causes,"Deaths per 100,000",603.65131498,574.808913892,632.546381008
Egypt,2006,All ages,Both,All causes,"Deaths per 100,000",607.6715116180001,579.607146327,638.566614368
Egypt,2007,All ages,Both,All causes,"Deaths per 100,000",600.503092574,571.743528464,630.439740424
Egypt,2008,All ages,Both,All causes,"Deaths per 100,000",604.754809987,576.6696420349999,635.558827138
Egypt,2009,All ages,Both,All causes,"Deaths per 100,000",614.013711405,585.853826812,644.3308565789999
Egypt,2010,All ages,Both,All causes,"Deaths per 100,000",615.6226271,587.616536542,645.039768542
Egypt,2011,All ages,Both,All causes,"Deaths per 100,000",603.928965414,575.6268828679999,634.327618736
Egypt,2012,All ages,Both,All causes,"Deaths per 100,000",601.6908335969999,572.021593523,632.913756829
Egypt,2013,All ages,Both,All causes,"Deaths per 100,000",581.745413806,550.491697614,615.581851729
Egypt,2014,All ages,Both,All causes,"Deaths per 100,000",574.267863742,535.837879421,614.689142115
Egypt,2015,All ages,Both,All causes,"Deaths per 100,000",570.363584199,521.002447142,618.626173892
Egypt,2016,All ages,Both,All causes,"Deaths per 100,000",564.739346793,503.656502272,623.029403416
India,1990,All ages,Both,All causes,"Deaths per 100,000",1024.7796629299999,1003.46332334,1045.42047979
India,1991,All ages,Both,All causes,"Deaths per 100,000",1006.11523913,985.112470242,1025.71887421
India,1992,All ages,Both,All causes,"Deaths per 100,000",989.123983075,968.7299362739999,1008.02840097
India,1993,All ages,Both,All causes,"Deaths per 100,000",971.898212653,951.8014997930001,990.9052989759999
India,1994,All ages,Both,All causes,"Deaths per 100,000",955.4201443229999,935.387327537,973.5429625269999
India,1995,All ages,Both,All causes,"Deaths per 100,000",940.781749699,921.501847228,958.0919202089999
India,1996,All ages,Both,All causes,"Deaths per 100,000",929.558316264,910.9980797200001,947.642145238
India,1997,All ages,Both,All causes,"Deaths per 100,000",920.842253735,902.92035288,938.5150192140001
India,1998,All ages,Both,All causes,"Deaths per 100,000",909.28478775,891.434719334,926.3219947289999
India,1999,All ages,Both,All causes,"Deaths per 100,000",898.306344546,880.4668115569999,915.531265602
India,2000,All ages,Both,All causes,"Deaths per 100,000",887.1821155560001,869.223221198,903.796006949
India,2001,All ages,Both,All causes,"Deaths per 100,000",876.503134158,858.9101997879999,893.6479794349999
India,2002,All ages,Both,All causes,"Deaths per 100,000",863.446735852,845.995390049,880.3608948489999
India,2003,All ages,Both,All causes,"Deaths per 100,000",850.919482363,833.784294471,868.490694239
India,2004,All ages,Both,All causes,"Deaths per 100,000",840.0018617110001,822.774205524,857.541147636
India,2005,All ages,Both,All causes,"Deaths per 100,000",829.343987471,812.068832304,846.322519659
India,2006,All ages,Both,All causes,"Deaths per 100,000",818.883644818,801.7776922830001,835.050562379
India,2007,All ages,Both,All causes,"Deaths per 100,000",808.8584429470001,791.874447867,825.40817222
India,2008,All ages,Both,All causes,"Deaths per 100,000",800.533425582,784.322657015,816.784657328
India,2009,All ages,Both,All causes,"Deaths per 100,000",791.1350217360001,774.869062479,806.8671098729999
India,2010,All ages,Both,All causes,"Deaths per 100,000",784.1590797959999,767.6673317249999,799.525043536
India,2011,All ages,Both,All causes,"Deaths per 100,000",776.6702630999999,760.020433797,792.4413547209999
India,2012,All ages,Both,All causes,"Deaths per 100,000",768.538804239,751.581877833,784.64871004
India,2013,All ages,Both,All causes,"Deaths per 100,000",762.202288633,745.5130365609999,778.7292824369999
India,2014,All ages,Both,All causes,"Deaths per 100,000",754.099813024,737.099846661,771.066464212
India,2015,All ages,Both,All causes,"Deaths per 100,000",748.961996734,731.877232667,767.187623616
India,2016,All ages,Both,All causes,"Deaths per 100,000",744.306421053,725.8032405519999,763.087672087
Angola,1990,All ages,Both,All causes,"Deaths per 100,000",1573.67655525,1392.7442540700001,1763.9056354799998
Angola,1991,All ages,Both,All causes,"Deaths per 100,000",1530.72781119,1348.33740036,1714.09382938
Angola,1992,All ages,Both,All causes,"Deaths per 100,000",1508.28932584,1325.96632264,1706.1076514000001
Angola,1993,All ages,Both,All causes,"Deaths per 100,000",1572.66257229,1384.6744156999998,1777.16805066
Angola,1994,All ages,Both,All causes,"Deaths per 100,000",1478.28343231,1288.00342106,1686.1444887999999
Angola,1995,All ages,Both,All causes,"Deaths per 100,000",1421.2430061700002,1243.1986386699998,1616.3281831
Angola,1996,All ages,Both,All causes,"Deaths per 100,000",1393.04768079,1214.759568,1586.83151337
Angola,1997,All ages,Both,All causes,"Deaths per 100,000",1366.3430717800002,1189.0288846600001,1570.02211571
Angola,1998,All ages,Both,All causes,"Deaths per 100,000",1352.94950047,1175.34952073,1543.16839943
Angola,1999,All ages,Both,All causes,"Deaths per 100,000",1343.89860968,1176.24356475,1536.2074102000001
Angola,2000,All ages,Both,All causes,"Deaths per 100,000",1317.50571786,1153.7524653399998,1491.77415976
Angola,2001,All ages,Both,All causes,"Deaths per 100,000",1297.24814427,1140.83843705,1462.56071595
Angola,2002,All ages,Both,All causes,"Deaths per 100,000",1243.90358787,1097.6373161200002,1425.26741756
Angola,2003,All ages,Both,All causes,"Deaths per 100,000",1201.6509804,1063.06735121,1370.2858324899998
Angola,2004,All ages,Both,All causes,"Deaths per 100,000",1158.11748222,1023.7797619,1307.15524602
Angola,2005,All ages,Both,All causes,"Deaths per 100,000",1110.97529704,979.529891812,1264.27265586
Angola,2006,All ages,Both,All causes,"Deaths per 100,000",1080.4347588399999,948.507046398,1229.31651098
Angola,2007,All ages,Both,All causes,"Deaths per 100,000",1024.25673303,899.2414811189999,1168.12906859
Angola,2008,All ages,Both,All causes,"Deaths per 100,000",980.7071507600001,858.128459347,1127.0227670699999
Angola,2009,All ages,Both,All causes,"Deaths per 100,000",941.521774719,818.813262126,1089.43943261
Angola,2010,All ages,Both,All causes,"Deaths per 100,000",897.902597608,773.963384499,1051.8466733399998
Angola,2011,All ages,Both,All causes,"Deaths per 100,000",849.9953779839999,717.006214252,1000.9533698000001
Angola,2012,All ages,Both,All causes,"Deaths per 100,000",802.3029099,672.2556260299999,956.957962849
Angola,2013,All ages,Both,All causes,"Deaths per 100,000",757.523747033,626.629726373,913.555615675
Angola,2014,All ages,Both,All causes,"Deaths per 100,000",715.1536512749999,580.570674557,875.004685604
Angola,2015,All ages,Both,All causes,"Deaths per 100,000",679.114136317,550.876434389,839.0122192350001
Angola,2016,All ages,Both,All causes,"Deaths per 100,000",647.260471668,525.898093928,806.2781938799999
Kenya,1990,All ages,Both,All causes,"Deaths per 100,000",850.3114291129999,829.755454756,871.120411372
Kenya,1991,All ages,Both,All causes,"Deaths per 100,000",866.244257455,843.091448324,888.8804746320001
Kenya,1992,All ages,Both,All causes,"Deaths per 100,000",890.5613891480001,865.6038910870001,915.4332701510001
Kenya,1993,All ages,Both,All causes,"Deaths per 100,000",919.355079717,892.924273656,946.045485614
Kenya,1994,All ages,Both,All causes,"Deaths per 100,000",951.1086417230001,923.821276516,980.123626853
Kenya,1995,All ages,Both,All causes,"Deaths per 100,000",981.213964207,952.703586472,1013.1391436
Kenya,1996,All ages,Both,All causes,"Deaths per 100,000",1005.68187658,976.1111562220001,1036.82006288
Kenya,1997,All ages,Both,All causes,"Deaths per 100,000",1032.31734291,1001.71854465,1064.38471409
Kenya,1998,All ages,Both,All causes,"Deaths per 100,000",1054.90516191,1023.4596500499999,1086.2727362
Kenya,1999,All ages,Both,All causes,"Deaths per 100,000",1053.30698871,1022.52883958,1084.96459378
Kenya,2000,All ages,Both,All causes,"Deaths per 100,000",1055.3856321600001,1025.28677111,1085.81174984
Kenya,2001,All ages,Both,All causes,"Deaths per 100,000",1042.48551632,1013.2503074299999,1071.8987579
Kenya,2002,All ages,Both,All causes,"Deaths per 100,000",1030.7466044999999,1003.45226037,1057.18470148
Kenya,2003,All ages,Both,All causes,"Deaths per 100,000",1014.67971376,989.0531920079999,1039.19371389
Kenya,2004,All ages,Both,All causes,"Deaths per 100,000",988.285948262,963.810184015,1011.41555292
Kenya,2005,All ages,Both,All causes,"Deaths per 100,000",948.8917403400001,926.1751934350001,971.4892071950001
Kenya,2006,All ages,Both,All causes,"Deaths per 100,000",902.894223223,881.636789914,924.11744212
Kenya,2007,All ages,Both,All causes,"Deaths per 100,000",854.152505661,834.325005958,874.31962658
Kenya,2008,All ages,Both,All causes,"Deaths per 100,000",811.25366487,792.4166180120001,830.000902951
Kenya,2009,All ages,Both,All causes,"Deaths per 100,000",770.991110936,752.89864413,790.445037105
Kenya,2010,All ages,Both,All causes,"Deaths per 100,000",729.945346297,712.232449033,748.736246167
Kenya,2011,All ages,Both,All causes,"Deaths per 100,000",691.647940107,674.391261383,709.737198558
Kenya,2012,All ages,Both,All causes,"Deaths per 100,000",660.98065255,644.082956074,677.251475673
Kenya,2013,All ages,Both,All causes,"Deaths per 100,000",637.551869713,620.787751193,653.668368012
Kenya,2014,All ages,Both,All causes,"Deaths per 100,000",614.9990968889999,598.3541294199999,631.287653534
Kenya,2015,All ages,Both,All causes,"Deaths per 100,000",595.2756939230001,578.0610923969999,611.065612319
Kenya,2016,All ages,Both,All causes,"Deaths per 100,000",578.9955822219999,562.149759771,595.955595848
South Africa,1990,All ages,Both,All causes,"Deaths per 100,000",772.40152305,740.709807526,804.381921861
South Africa,1991,All ages,Both,All causes,"Deaths per 100,000",762.795444582,734.273829126,792.559785847
South Africa,1992,All ages,Both,All causes,"Deaths per 100,000",772.905013379,745.9643480569999,802.145176687
South Africa,1993,All ages,Both,All causes,"Deaths per 100,000",757.6882631670001,731.9906729119999,784.920172814
South Africa,1994,All ages,Both,All causes,"Deaths per 100,000",776.2014248170001,748.7615424190001,803.4877537689999
South Africa,1995,All ages,Both,All causes,"Deaths per 100,000",795.966644824,766.901423398,825.905910109
South Africa,1996,All ages,Both,All causes,"Deaths per 100,000",859.5336511350001,826.027692723,895.571447957
South Africa,1997,All ages,Both,All causes,"Deaths per 100,000",955.704992582,916.800681583,999.902166921
South Africa,1998,All ages,Both,All causes,"Deaths per 100,000",1035.67439928,990.0063248800001,1088.43217804
South Africa,1999,All ages,Both,All causes,"Deaths per 100,000",1133.58234445,1080.97541346,1193.98741126
South Africa,2000,All ages,Both,All causes,"Deaths per 100,000",1260.10322279,1199.3660177900001,1331.8711371900001
South Africa,2001,All ages,Both,All causes,"Deaths per 100,000",1327.4627624299999,1262.5910380999999,1405.38338737
South Africa,2002,All ages,Both,All causes,"Deaths per 100,000",1412.5775728,1343.22394757,1495.04307559
South Africa,2003,All ages,Both,All causes,"Deaths per 100,000",1491.09776498,1417.7147697799999,1578.11131087
South Africa,2004,All ages,Both,All causes,"Deaths per 100,000",1548.93853771,1472.51128663,1638.60587146
South Africa,2005,All ages,Both,All causes,"Deaths per 100,000",1587.83532613,1507.95299145,1675.08922168
South Africa,2006,All ages,Both,All causes,"Deaths per 100,000",1608.8524506299998,1533.09454186,1692.82637679
South Africa,2007,All ages,Both,All causes,"Deaths per 100,000",1588.24226789,1512.56400098,1671.5227704699998
South Africa,2008,All ages,Both,All causes,"Deaths per 100,000",1550.19399073,1479.80039247,1627.14498833
South Africa,2009,All ages,Both,All causes,"Deaths per 100,000",1501.28106245,1436.3193232,1572.12554598
South Africa,2010,All ages,Both,All causes,"Deaths per 100,000",1435.24978246,1377.48328203,1499.23440661
South Africa,2011,All ages,Both,All causes,"Deaths per 100,000",1352.82376995,1298.59345459,1413.6613354899998
South Africa,2012,All ages,Both,All causes,"Deaths per 100,000",1252.48962697,1204.25781438,1307.70625752
South Africa,2013,All ages,Both,All causes,"Deaths per 100,000",1157.85801501,1110.77009298,1211.34663318
South Africa,2014,All ages,Both,All causes,"Deaths per 100,000",1089.03837216,1044.2461355399998,1139.82724025
South Africa,2015,All ages,Both,All causes,"Deaths per 100,000",1035.66669229,990.0750094690001,1085.98053383
South Africa,2016,All ages,Both,All causes,"Deaths per 100,000",1011.80184208,962.93656683,1062.27155179
Ghana,1990,All ages,Both,All causes,"Deaths per 100,000",984.798470607,922.1330883420001,1049.04902083
Ghana,1991,All ages,Both,All causes,"Deaths per 100,000",973.171502742,911.6145665160001,1034.4964151699999
Ghana,1992,All ages,Both,All causes,"Deaths per 100,000",962.4036754929999,899.374936972,1025.0868976099998
Ghana,1993,All ages,Both,All causes,"Deaths per 100,000",938.11330689,873.137639981,1003.0777825
Ghana,1994,All ages,Both,All causes,"Deaths per 100,000",942.316314352,870.6019804100001,1011.1902401400001
Ghana,1995,All ages,Both,All causes,"Deaths per 100,000",927.766478234,855.618609266,995.9360553820001
Ghana,1996,All ages,Both,All causes,"Deaths per 100,000",921.148989992,846.948291717,989.069494809
Ghana,1997,All ages,Both,All causes,"Deaths per 100,000",935.48267004,857.7895710319999,1003.93422473
Ghana,1998,All ages,Both,All causes,"Deaths per 100,000",918.276068409,838.983821079,988.351007973
Ghana,1999,All ages,Both,All causes,"Deaths per 100,000",920.663983462,843.3695597090001,993.55889463
Ghana,2000,All ages,Both,All causes,"Deaths per 100,000",922.2634627530001,843.367073142,996.558822975
Ghana,2001,All ages,Both,All causes,"Deaths per 100,000",931.481864148,854.9331857990001,1005.63683161
Ghana,2002,All ages,Both,All causes,"Deaths per 100,000",932.604030559,857.311940876,1009.1932990399999
Ghana,2003,All ages,Both,All causes,"Deaths per 100,000",930.764827144,858.374654768,1007.20750649
Ghana,2004,All ages,Both,All causes,"Deaths per 100,000",925.334114429,855.336865335,998.901641811
Ghana,2005,All ages,Both,All causes,"Deaths per 100,000",920.041976834,850.820913821,988.777889975
Ghana,2006,All ages,Both,All causes,"Deaths per 100,000",911.6122814299999,844.898836711,977.704098114
Ghana,2007,All ages,Both,All causes,"Deaths per 100,000",902.389871329,837.2297453860001,965.0022722639999
Ghana,2008,All ages,Both,All causes,"Deaths per 100,000",886.287794525,823.893260732,947.5392123060001
Ghana,2009,All ages,Both,All causes,"Deaths per 100,000",871.757963893,811.1499722100001,932.692664703
Ghana,2010,All ages,Both,All causes,"Deaths per 100,000",856.755042004,797.114486698,916.815097295
Ghana,2011,All ages,Both,All causes,"Deaths per 100,000",822.2196684449999,763.588334312,882.9980901220001
Ghana,2012,All ages,Both,All causes,"Deaths per 100,000",784.232715996,725.525607953,843.7456167920001
Ghana,2013,All ages,Both,All causes,"Deaths per 100,000",748.764510744,687.381556557,808.4749735710001
Ghana,2014,All ages,Both,All causes,"Deaths per 100,000",719.8998781160001,657.585144009,779.999541139
Ghana,2015,All ages,Both,All causes,"Deaths per 100,000",692.294962682,630.245606984,752.547674904
Ghana,2016,All ages,Both,All causes,"Deaths per 100,000",669.818600951,608.738451412,731.80022318

"Global Burden of Disease Study 2016. Global Burden of Disease Study 2016 (GBD 2016) Results. Seattle, United States: Institute for Health Metrics and Evaluation (IHME), 2016."
"Available from from https://http://vizhub.healthdata.org/gbd-compare/"
"For terms and conditions of use, please visit http://www.healthdata.org/about/terms-and-conditions"